year,report_type,reprt_code,rcept_no,revenue,operating_profit,net_income,assets,liabilities,equity,current_assets,current_liabilities,cash,borrowings,operating_cash_flow,capex,operating_margin,net_margin,current_ratio,debt_to_equity,equity_ratio,asset_turnover,roa,roe,debt_ratio
2010,annual,11011,20100331001680,,,,,,,,,,,,,,,,,,,,,
2010,half_year,11012,20100830000360,,,,,,,,,,,,,,,,,,,,,
2011,annual,11011,20110331002193,,,,,,,,,,,,,,,,,,,,,
2011,half_year,11012,20110829000539,,,,,,,,,,,,,,,,,,,,,
2012,annual,11011,20120330002110,,,,,,,,,,,,,,,,,,,,,
2012,half_year,11012,20120814001232,,,,,,,,,,,,,,,,,,,,,
2013,annual,11011,20130401003031,,,,,,,,,,,,,,,,,,,,,
2013,half_year,11012,20130814000618,,,,,,,,,,,,,,,,,,,,,
2014,annual,11011,20140331002427,,,,,,,,,,,,,,,,,,,,,
2014,half_year,11012,20140814000743,,,,,,,,,,,,,,,,,,,,,
2015,annual,11011,20150331002915,200653482000000.0,26413442000000.0,19060144000000.0,242179521000000.0,63119716000000.0,179059805000000.0,124814725000000.0,50502909000000.0,22636744000000.0,11155425000000.0,40061761000000.0,25880222000000.0,0.13163709763083006,0.09499034758838623,2.4714363483497555,0.35250633719834557,0.7393680698542632,0.8285319963119425,0.07870254231777096,0.10644568723840618,0.2606319301457368
2016,annual,11011,20160330003536,201866745000000.0,29240672000000.0,22726092000000.0,262174324000000.0,69211291000000.0,192963033000000.0,141429704000000.0,54704095000000.0,32111442000000.0,12746789000000.0,47385644000000.0,24142973000000.0,0.14485135726540793,0.11257967229817868,2.58535862808808,0.35867642586235676,0.7360104149634424,0.7699714522769209,0.08668313377628849,0.11777433038171617,0.26398958503655756
2016,half_year,11012,20160816001779,50937120000000.0,8143950000000.0,5847393000000.0,243960673000000.0,62118157000000.0,181842516000000.0,130163049000000.0,48008164000000.0,25840759000000.0,10259758000000.0,22063135000000.0,8743821000000.0,0.15988241973633374,0.11479630179326981,2.711269045823123,0.34160414388459076,0.745376350064422,0.2087923408868445,0.02396858857656947,0.032156357757390466,0.25462364993557796
2016,quarterly_q1,11013,,49782252000000.0,6675812000000.0,5252803000000.0,241239789000000.0,62913603000000.0,178326186000000.0,126587169000000.0,49049500000000.0,24769756000000.0,9465181000000.0,8718290000000.0,4736465000000.0,0.13410024118635694,0.10551557611335059,2.580804473032345,0.3528006986029522,0.7392071877496129,0.20636003789573867,0.021774198285341727,0.029456150651929493,0.2607928122503871
2016,quarterly_q3,11014,,47815633000000.0,5200089000000.0,4537855000000.0,244471456000000.0,64935077000000.0,179536379000000.0,132166769000000.0,50459481000000.0,25267569000000.0,10771299000000.0,36399732000000.0,14143682000000.0,0.10875290514296862,0.094903166920325,2.6192653269660067,0.36168200206377116,0.7343858540278829,0.19558779492031986,0.018561901148901407,0.025275406718545883,0.2656141459721171
2017,annual,11011,20170331004518,239575376000000.0,53645038000000.0,42186747000000.0,301752090000000.0,87260662000000.0,214491428000000.0,146982464000000.0,67175114000000.0,30545130000000.0,15767619000000.0,62162041000000.0,42792234000000.0,0.22391716083542743,0.17608966206944407,2.1880493422013396,0.4068258709154568,0.7108200244777095,0.7939476939496922,0.13980598112841572,0.19668267116017335,0.2891799755222905
2017,half_year,11012,20170814001832,61000537000000.0,14066547000000.0,11053851000000.0,277589436000000.0,76883688000000.0,200705748000000.0,132172681000000.0,58468431000000.0,29007086000000.0,13767140000000.0,23023433000000.0,21144265000000.0,0.23059710113699491,0.18120907689714272,2.260581971149525,0.38306669722284187,0.7230309297505111,0.21975093101165422,0.03982086335590955,0.05507490996221991,0.2769690702494889
2017,quarterly_q1,11013,,50547526000000.0,9898361000000.0,7684354000000.0,264217372000000.0,74399417000000.0,189817955000000.0,129284204000000.0,56843132000000.0,27562938000000.0,9519010000000.0,10597271000000.0,8901692000000.0,0.19582285787834602,0.1520223561485482,2.274403247168013,0.3919514199802648,0.718415876909108,0.19131038060585964,0.0290834548153783,0.0404827562281977,0.281584123090892
2017,quarterly_q3,11014,,62048901000000.0,14533159000000.0,11193411000000.0,296578579000000.0,85887328000000.0,210691251000000.0,145322337000000.0,66172585000000.0,30788226000000.0,15329338000000.0,40470495000000.0,32355245000000.0,0.23422105413277183,0.18039660364008703,2.196110927206486,0.4076454413382357,0.7104061652409495,0.20921572019535503,0.037741805351356815,0.05312708025071245,0.2895938347590505
2018,annual,11011,20180402005019,243771415000000.0,58886669000000.0,44344857000000.0,339357244000000.0,91604067000000.0,247753177000000.0,174697424000000.0,69081510000000.0,30340505000000.0,13586660000000.0,67031863000000.0,29556406000000.0,0.241565111315451,0.18191163635818416,2.5288593720664183,0.3697392223551587,0.7300659743688866,0.7183327284447183,0.13067308208101786,0.1789880458324052,0.2699340256311134
2018,half_year,11012,20180814001113,58482658000000.0,14869035000000.0,11043412000000.0,318688380000000.0,85563535000000.0,233124845000000.0,156976839000000.0,65602323000000.0,31362222000000.0,13176014000000.0,29054126000000.0,18102717000000.0,0.25424690854509385,0.18883225177624452,2.392854884117442,0.36702881239449187,0.7315134772093039,0.18351048130465253,0.03465269740929996,0.047371235785701,0.268486522790696
2018,quarterly_q1,11013,,60563714000000.0,15642170000000.0,11688544000000.0,312473113000000.0,89213233000000.0,223259880000000.0,154941953000000.0,68298586000000.0,32303752000000.0,9973335000000.0,15616352000000.0,9818105000000.0,0.258276267535376,0.1929958258504424,2.2685967905689877,0.39959366187959966,0.7144930898422611,0.19382056081093926,0.03740655920050312,0.05235398316974819,0.28550691015773894
2018,quarterly_q3,11014,,65459993000000.0,17574865000000.0,13150715000000.0,337195786000000.0,95092626000000.0,242103160000000.0,176282049000000.0,74705872000000.0,33088093000000.0,18826524000000.0,44603783000000.0,23715834000000.0,0.26848253711240083,0.20089698145858342,2.3596812978770934,0.3927773020393455,0.71798987428627,0.1941305191755866,0.03900023531136299,0.054318642515859765,0.28201012571373
2019,annual,11011,20190401004781,230400881000000.0,27768509000000.0,21738865000000.0,352564497000000.0,89684076000000.0,262880421000000.0,181385260000000.0,63782764000000.0,26885999000000.0,14393468000000.0,45382915000000.0,25367756000000.0,0.12052258168231571,0.09435235189052944,2.8437974246459437,0.34115920713623626,0.745623632659757,0.6534999495425655,0.06165925719968338,0.08269488049853663,0.254376367340243
2019,half_year,11012,20190814002218,56127104000000.0,6597065000000.0,5180576000000.0,342940134000000.0,85193101000000.0,257747033000000.0,173433478000000.0,59309271000000.0,27531931000000.0,11824171000000.0,11839176000000.0,10685064000000.0,0.11753795456825993,0.09230078929424188,2.924222049534212,0.33052989983399733,0.7515802539460138,0.16366443712884302,0.015106356726390035,0.020099459302020364,0.2484197460539862
2019,quarterly_q1,11013,,52385546000000.0,6233282000000.0,5043585000000.0,345067883000000.0,91852732000000.0,253215151000000.0,177388524000000.0,67354091000000.0,26676045000000.0,9663128000000.0,5244311000000.0,4197261000000.0,0.11898858513376953,0.09627817948103472,2.6336711158346713,0.36274579794002926,0.7338125727568798,0.15181229138036006,0.014616211036945447,0.019918180172402086,0.26618742724312017
2019,quarterly_q3,11014,,62003471000000.0,7777892000000.0,6287664000000.0,353385985000000.0,89943741000000.0,263442244000000.0,186042134000000.0,63303192000000.0,26604994000000.0,12330248000000.0,25665775000000.0,17482933000000.0,0.12544284819151497,0.10140825825702564,2.938906050740696,0.34141730511527224,0.745480169509269,0.17545537636417585,0.017792624118921976,0.023867333896533314,0.25451983049073096
2020,annual,11011,20200330003851,236806988000000.0,35993876000000.0,26407832000000.0,378235718000000.0,102287702000000.0,275948016000000.0,198215579000000.0,75604351000000.0,29382578000000.0,16553429000000.0,65287009000000.0,37592034000000.0,0.15199668009797077,0.1115162699506148,2.6217483038773786,0.3706774322305691,0.7295662542372585,0.6260830924487147,0.0698184511490266,0.0956985753432632,0.27043374576274154
2020,half_year,11012,20200814001766,52966142000000.0,8146292000000.0,5555083000000.0,357959499000000.0,88151682000000.0,269807817000000.0,186136845000000.0,61863721000000.0,36109613000000.0,12776348000000.0,26628032000000.0,18442051000000.0,0.1538018759229245,0.10487988723060102,3.008820710930078,0.326720266966913,0.7537383915044534,0.14796685699909307,0.015518747275931348,0.02058903652891569,0.2462616084955466
2020,quarterly_q1,11013,,55325178000000.0,6447345000000.0,4884926000000.0,357457535000000.0,91069812000000.0,266387723000000.0,186739748000000.0,64763290000000.0,27916683000000.0,11607088000000.0,11829879000000.0,8564279000000.0,0.11653545877430345,0.08829480855895304,2.883419727441271,0.34186940364365065,0.7452290046144922,0.15477412722604938,0.01366575193330307,0.018337654397083458,0.2547709953855078
2020,quarterly_q3,11014,,66964160000000.0,12353238000000.0,9360693000000.0,375788742000000.0,99652554000000.0,276136188000000.0,203634913000000.0,73046405000000.0,26566097000000.0,15856252000000.0,40772425000000.0,26979206000000.0,0.18447536712175588,0.1397866112260648,2.787747227259165,0.3608819065757509,0.7348176172877473,0.1781962909362516,0.02490945564303254,0.03389882748725422,0.26518238271225275
2021,annual,11011,20210309000744,279604799000000.0,51633856000000.0,39907450000000.0,426621158000000.0,121721227000000.0,304899931000000.0,218163185000000.0,88117133000000.0,39031415000000.0,13687793000000.0,65105448000000.0,47122106000000.0,0.18466727389754137,0.14272805811176367,2.475831629701343,0.39921697128885214,0.7146854423005434,0.6553936525576634,0.09354306332833122,0.1308870417553489,0.28531455769945663
2021,half_year,11012,20210817001416,63671585000000.0,12566745000000.0,9634486000000.0,384777669000000.0,102453403000000.0,282324266000000.0,191118524000000.0,72461451000000.0,30683788000000.0,12887851000000.0,25889535000000.0,23528054000000.0,0.1973681823689484,0.15131531592938985,2.6375199690660347,0.36289265691387645,0.7337335005270277,0.16547630002925143,0.025039098617752685,0.03412560364187753,0.26626649947297226
2021,quarterly_q1,11013,,65388503000000.0,9382868000000.0,7141685000000.0,392826274000000.0,118557683000000.0,274268591000000.0,209155353000000.0,90109462000000.0,41039591000000.0,16148220000000.0,13803078000000.0,9997540000000.0,0.14349415523398662,0.10921927666703121,2.3211253109024224,0.4322685385436643,0.6981930923490113,0.1664565415499677,0.018180263064583098,0.026039018809849795,0.3018069076509887
2021,quarterly_q3,11014,,73979187000000.0,15817531000000.0,12293331000000.0,410420718000000.0,113654600000000.0,296766118000000.0,212793019000000.0,81871964000000.0,32675040000000.0,15117140000000.0,44470987000000.0,34749466000000.0,0.21381055458206102,0.16617283182633516,2.5990950821700087,0.3829770081771936,0.7230778198677582,0.1802520773329966,0.029952998133003606,0.04142430774391839,0.2769221801322418
2022,annual,11011,20220308000798,302231360000000.0,43376630000000.0,55654077000000.0,448424507000000.0,93674903000000.0,354749604000000.0,218470581000000.0,78344852000000.0,49680710000000.0,5147315000000.0,62181346000000.0,49430428000000.0,0.1435212745626397,0.1841439518387503,2.7885760892113245,0.26405921794911996,0.7911021776514994,0.6739849300876859,0.1241102485061103,0.15688270366610474,0.20889782234850068
2022,half_year,11012,20220816001711,77203607000000.0,14097045000000.0,11098805000000.0,448040650000000.0,120133986000000.0,327906664000000.0,236287491000000.0,83362268000000.0,39583141000000.0,12989188000000.0,24589135000000.0,20157775000000.0,0.1825956784635723,0.14376018726689804,2.8344657201505123,0.36636640602095233,0.7318681106279085,0.1723138447370791,0.024771870588081685,0.03384745178585331,0.2681318893720916
2022,quarterly_q1,11013,,77781498000000.0,14121409000000.0,11324628000000.0,439326959000000.0,124036040000000.0,315290919000000.0,232369082000000.0,90463701000000.0,48944982000000.0,13885889000000.0,10453069000000.0,8706839000000.0,0.1815522889518019,0.1455953959642176,2.5686444334175538,0.39340187910708585,0.7176680432215407,0.17704694967285173,0.025777220741875755,0.03591802781988783,0.2823319567784594
2022,quarterly_q3,11014,,76781680000000.0,10852045000000.0,9389198000000.0,470278409000000.0,125371520000000.0,344906889000000.0,250880637000000.0,85285669000000.0,44515421000000.0,7616143000000.0,43568446000000.0,32471328000000.0,0.14133638388740646,0.12228435220484886,2.9416505720322133,0.36349381238366624,0.7334100022440112,0.16326856289930164,0.01996519044955772,0.02722241364103342,0.26658999775598885
2023,annual,11011,20230307000542,258935494000000.0,6566976000000.0,15487100000000.0,455905980000000.0,92228115000000.0,363677865000000.0,195936557000000.0,75719452000000.0,69080893000000.0,7114601000000.0,44137427000000.0,57611292000000.0,0.02536143615753196,0.059810649211343735,2.5876647522488674,0.2535983733846436,0.7977036515292034,0.5679580996064144,0.033969942662300676,0.04258466486542974,0.20229634847079656
2023,half_year,11012,20230814002534,60005533000000.0,668547000000.0,1723571000000.0,448000552000000.0,89024926000000.0,358975626000000.0,203975373000000.0,70780638000000.0,79919775000000.0,3557360000000.0,14461689000000.0,29373990000000.0,0.011141422575148194,0.028723534544722734,2.8817961912126306,0.24799713281926278,0.8012838921680614,0.1339407568408532,0.0038472519560645542,0.004801359410401864,0.19871610783193858
2023,quarterly_q1,11013,,63745371000000.0,640178000000.0,1574600000000.0,454091777000000.0,94292361000000.0,359799416000000.0,214442141000000.0,76057448000000.0,72949377000000.0,4442640000000.0,6291774000000.0,13243589000000.0,0.010042737063997949,0.024701401455487645,2.8194758914340645,0.26206924415908445,0.7923495518396053,0.14037992808665195,0.003467580959960876,0.004376327281198255,0.20765044816039469
2023,quarterly_q3,11014,,67404652000000.0,2433534000000.0,5844171000000.0,454466447000000.0,90573804000000.0,363892643000000.0,206438600000000.0,73625180000000.0,75144284000000.0,4342183000000.0,24192198000000.0,42398379000000.0,0.036103353815994776,0.08670278425293257,2.803913009109112,0.2489025423907787,0.800702990071344,0.14831601418531123,0.012859411379163927,0.01606015156508674,0.19929700992865595
2024,annual,11011,20240312000736,300870903000000.0,32725961000000.0,34451351000000.0,514531948000000.0,112339878000000.0,402192070000000.0,227062266000000.0,93326299000000.0,53705579000000.0,13172504000000.0,72982621000000.0,51406355000000.0,0.10877077402197313,0.11450542626915305,2.432993362353306,0.27931897811908624,0.7816658840395271,0.5847467862189969,0.06695668001552355,0.08565895145570622,0.21833411596047286
2024,half_year,11012,20240814003284,74068302000000.0,10443878000000.0,9841345000000.0,485757698000000.0,102231027000000.0,383526671000000.0,217858103000000.0,84354935000000.0,49844405000000.0,10626592000000.0,28761716000000.0,25362271000000.0,0.14100334040329424,0.13286851101298366,2.5826361314841866,0.2665551961052534,0.7895431664368601,0.15247993455370829,0.02025978186350842,0.025660131991185563,0.21045683356313996
2024,quarterly_q1,11013,,71915601000000.0,6606009000000.0,6754708000000.0,470899812000000.0,98983688000000.0,371916124000000.0,208544280000000.0,81770355000000.0,61906097000000.0,9634548000000.0,11866306000000.0,13421626000000.0,0.09185780148037698,0.09392548912995943,2.5503653493983243,0.2661451913819149,0.7897988372949276,0.15271953644356095,0.014344257160162127,0.01816191222728488,0.2102011627050724
2024,quarterly_q3,11014,,79098731000000.0,9183371000000.0,10100904000000.0,491307317000000.0,105025954000000.0,386281363000000.0,219235111000000.0,87031889000000.0,43131359000000.0,11035119000000.0,50960350000000.0,36320811000000.0,0.11610010532280221,0.12769995007884513,2.519020482251052,0.27188977791817515,0.7862316510136567,0.16099644410547218,0.020559237875140378,0.02614908449517923,0.2137683489863433
2025,annual,11011,20250311001085,333605938000000.0,43601051000000.0,45206805000000.0,566942110000000.0,130621773000000.0,436320337000000.0,247684612000000.0,106411348000000.0,57856378000000.0,17574980000000.0,85315148000000.0,47522179000000.0,0.1306962677624761,0.135509593357418,2.327614645009478,0.2993712690499687,0.7696029793941396,0.5884303390340858,0.07973795596167658,0.10360920902937422,0.23039702060586045
2025,half_year,11012,20250814003156,74566317000000.0,4676057000000.0,5116435000000.0,504875185000000.0,105313218000000.0,399561967000000.0,212160671000000.0,84402645000000.0,47120025000000.0,7190268000000.0,33941002000000.0,25163382000000.0,0.06271004373194401,0.06861590066195707,2.5136732504058372,0.2635716777317797,0.7914074188455112,0.14769257673062303,0.0101340591734569,0.01280511015203807,0.2085925811544887
2025,quarterly_q1,11013,,79140503000000.0,6685272000000.0,8222878000000.0,516376748000000.0,109762479000000.0,406614269000000.0,222685717000000.0,90279712000000.0,53161004000000.0,5333859000000.0,16580866000000.0,12127934000000.0,0.08447345855256948,0.10390227112910819,2.4666197096419626,0.26994251645408934,0.7874372162861214,0.15326116698035366,0.01592418332515623,0.02022279744442515,0.2125627837138786
2025,quarterly_q3,11014,,86061747000000.0,12166062000000.0,12225747000000.0,523659586000000.0,110158092000000.0,413501494000000.0,229440881000000.0,87259259000000.0,53399483000000.0,9846829000000.0,56515496000000.0,35972891000000.0,0.14136433925748684,0.14205785295062626,2.629415876657857,0.2664031293681372,0.7896379729406883,0.1643467422364727,0.023346745341543313,0.029566391361091432,0.21036202705931178
2026,half_year,11012,20260814003699,171499470000000.0,89492412000000.0,71624461000000.0,759480516000000.0,180170840000000.0,579309676000000.0,379711982000000.0,134189617000000.0,92916382000000.0,13710121000000.0,145355192000000.0,31234818000000.0,0.5218232569465083,0.4176366317633518,2.829667380301115,0.3110095471631653,0.762770951717213,0.22581154669147563,0.09430717377350073,0.12363760518303513,0.23722904828278701
2026,quarterly_q1,11013,,133873444000000.0,57232797000000.0,47225272000000.0,633339604000000.0,146703628000000.0,486635976000000.0,306220075000000.0,120603778000000.0,73306751000000.0,19546315000000.0,40274106000000.0,17127003000000.0,0.42751419019294074,0.3527605669127329,2.53905872666775,0.30146482223911863,0.7683649860620433,0.21137702925017143,0.0745654806706198,0.09704435004616263,0.23163501393795674
