corp_code,corp_name,stock_code,corp_cls,report_nm,rcept_no,flr_nm,rcept_dt,rm,dart_url
00126380,삼성전자,005930,Y,분기보고서 (2010.03),20100531001169,삼성전자,20100531,,https://dart.fss.or.kr/dsaf001/main.do?rcpNo=20100531001169
00126380,삼성전자,005930,Y,[첨부추가]사업보고서 (2009.12),20100331001680,삼성전자,20100331,연,https://dart.fss.or.kr/dsaf001/main.do?rcpNo=20100331001680
00126380,삼성전자,005930,Y,반기보고서 (2010.06),20100830000360,삼성전자,20100830,,https://dart.fss.or.kr/dsaf001/main.do?rcpNo=20100830000360
00126380,삼성전자,005930,Y,분기보고서 (2010.09),20101129000419,삼성전자,20101129,,https://dart.fss.or.kr/dsaf001/main.do?rcpNo=20101129000419
00126380,삼성전자,005930,Y,분기보고서 (2011.03),20110530000628,삼성전자,20110530,,https://dart.fss.or.kr/dsaf001/main.do?rcpNo=20110530000628
00126380,삼성전자,005930,Y,[첨부추가]사업보고서 (2010.12),20110331002193,삼성전자,20110331,연,https://dart.fss.or.kr/dsaf001/main.do?rcpNo=20110331002193
00126380,삼성전자,005930,Y,반기보고서 (2011.06),20110829000539,삼성전자,20110829,정,https://dart.fss.or.kr/dsaf001/main.do?rcpNo=20110829000539
00126380,삼성전자,005930,Y,분기보고서 (2011.09),20111129000501,삼성전자,20111129,,https://dart.fss.or.kr/dsaf001/main.do?rcpNo=20111129000501
00126380,삼성전자,005930,Y,분기보고서 (2012.03),20120515001281,삼성전자,20120515,,https://dart.fss.or.kr/dsaf001/main.do?rcpNo=20120515001281
00126380,삼성전자,005930,Y,[첨부추가]사업보고서 (2011.12),20120330002110,삼성전자,20120330,연,https://dart.fss.or.kr/dsaf001/main.do?rcpNo=20120330002110
00126380,삼성전자,005930,Y,반기보고서 (2012.06),20120814001232,삼성전자,20120814,,https://dart.fss.or.kr/dsaf001/main.do?rcpNo=20120814001232
00126380,삼성전자,005930,Y,분기보고서 (2012.09),20121114000975,삼성전자,20121114,,https://dart.fss.or.kr/dsaf001/main.do?rcpNo=20121114000975
00126380,삼성전자,005930,Y,사업보고서 (2012.12),20130401003031,삼성전자,20130401,연,https://dart.fss.or.kr/dsaf001/main.do?rcpNo=20130401003031
00126380,삼성전자,005930,Y,분기보고서 (2013.03),20130515000677,삼성전자,20130515,,https://dart.fss.or.kr/dsaf001/main.do?rcpNo=20130515000677
00126380,삼성전자,005930,Y,반기보고서 (2013.06),20130814000618,삼성전자,20130814,,https://dart.fss.or.kr/dsaf001/main.do?rcpNo=20130814000618
00126380,삼성전자,005930,Y,분기보고서 (2013.09),20131114000520,삼성전자,20131114,,https://dart.fss.or.kr/dsaf001/main.do?rcpNo=20131114000520
00126380,삼성전자,005930,Y,사업보고서 (2013.12),20140331002427,삼성전자,20140331,연,https://dart.fss.or.kr/dsaf001/main.do?rcpNo=20140331002427
00126380,삼성전자,005930,Y,분기보고서 (2014.03),20140515001057,삼성전자,20140515,,https://dart.fss.or.kr/dsaf001/main.do?rcpNo=20140515001057
00126380,삼성전자,005930,Y,반기보고서 (2014.06),20140814000743,삼성전자,20140814,,https://dart.fss.or.kr/dsaf001/main.do?rcpNo=20140814000743
00126380,삼성전자,005930,Y,분기보고서 (2014.09),20141114000755,삼성전자,20141114,,https://dart.fss.or.kr/dsaf001/main.do?rcpNo=20141114000755
00126380,삼성전자,005930,Y,사업보고서 (2014.12),20150331002915,삼성전자,20150331,연,https://dart.fss.or.kr/dsaf001/main.do?rcpNo=20150331002915
00126380,삼성전자,005930,Y,분기보고서 (2015.03),20150515001379,삼성전자,20150515,,https://dart.fss.or.kr/dsaf001/main.do?rcpNo=20150515001379
00126380,삼성전자,005930,Y,반기보고서 (2015.06),20150817000859,삼성전자,20150817,,https://dart.fss.or.kr/dsaf001/main.do?rcpNo=20150817000859
00126380,삼성전자,005930,Y,분기보고서 (2015.09),20151116000976,삼성전자,20151116,,https://dart.fss.or.kr/dsaf001/main.do?rcpNo=20151116000976
00126380,삼성전자,005930,Y,사업보고서 (2015.12),20160330003536,삼성전자,20160330,연,https://dart.fss.or.kr/dsaf001/main.do?rcpNo=20160330003536
00126380,삼성전자,005930,Y,분기보고서 (2016.03),20160516003174,삼성전자,20160516,,https://dart.fss.or.kr/dsaf001/main.do?rcpNo=20160516003174
00126380,삼성전자,005930,Y,반기보고서 (2016.06),20160816001779,삼성전자,20160816,,https://dart.fss.or.kr/dsaf001/main.do?rcpNo=20160816001779
00126380,삼성전자,005930,Y,분기보고서 (2016.09),20161114001491,삼성전자,20161114,,https://dart.fss.or.kr/dsaf001/main.do?rcpNo=20161114001491
00126380,삼성전자,005930,Y,사업보고서 (2016.12),20170331004518,삼성전자,20170331,연,https://dart.fss.or.kr/dsaf001/main.do?rcpNo=20170331004518
00126380,삼성전자,005930,Y,분기보고서 (2017.03),20170515003806,삼성전자,20170515,,https://dart.fss.or.kr/dsaf001/main.do?rcpNo=20170515003806
00126380,삼성전자,005930,Y,반기보고서 (2017.06),20170814001832,삼성전자,20170814,,https://dart.fss.or.kr/dsaf001/main.do?rcpNo=20170814001832
00126380,삼성전자,005930,Y,분기보고서 (2017.09),20171114001694,삼성전자,20171114,,https://dart.fss.or.kr/dsaf001/main.do?rcpNo=20171114001694
00126380,삼성전자,005930,Y,사업보고서 (2017.12),20180402005019,삼성전자,20180402,연,https://dart.fss.or.kr/dsaf001/main.do?rcpNo=20180402005019
00126380,삼성전자,005930,Y,분기보고서 (2018.03),20180515001699,삼성전자,20180515,,https://dart.fss.or.kr/dsaf001/main.do?rcpNo=20180515001699
00126380,삼성전자,005930,Y,반기보고서 (2018.06),20180814001113,삼성전자,20180814,,https://dart.fss.or.kr/dsaf001/main.do?rcpNo=20180814001113
00126380,삼성전자,005930,Y,분기보고서 (2018.09),20181114001530,삼성전자,20181114,,https://dart.fss.or.kr/dsaf001/main.do?rcpNo=20181114001530
00126380,삼성전자,005930,Y,사업보고서 (2018.12),20190401004781,삼성전자,20190401,연,https://dart.fss.or.kr/dsaf001/main.do?rcpNo=20190401004781
00126380,삼성전자,005930,Y,분기보고서 (2019.03),20190515001605,삼성전자,20190515,,https://dart.fss.or.kr/dsaf001/main.do?rcpNo=20190515001605
00126380,삼성전자,005930,Y,반기보고서 (2019.06),20190814002218,삼성전자,20190814,,https://dart.fss.or.kr/dsaf001/main.do?rcpNo=20190814002218
00126380,삼성전자,005930,Y,분기보고서 (2019.09),20191114001273,삼성전자,20191114,,https://dart.fss.or.kr/dsaf001/main.do?rcpNo=20191114001273
00126380,삼성전자,005930,Y,사업보고서 (2019.12),20200330003851,삼성전자,20200330,연,https://dart.fss.or.kr/dsaf001/main.do?rcpNo=20200330003851
00126380,삼성전자,005930,Y,분기보고서 (2020.03),20200515001451,삼성전자,20200515,,https://dart.fss.or.kr/dsaf001/main.do?rcpNo=20200515001451
00126380,삼성전자,005930,Y,반기보고서 (2020.06),20200814001766,삼성전자,20200814,,https://dart.fss.or.kr/dsaf001/main.do?rcpNo=20200814001766
00126380,삼성전자,005930,Y,분기보고서 (2020.09),20201116001248,삼성전자,20201116,,https://dart.fss.or.kr/dsaf001/main.do?rcpNo=20201116001248
00126380,삼성전자,005930,Y,사업보고서 (2020.12),20210309000744,삼성전자,20210309,연,https://dart.fss.or.kr/dsaf001/main.do?rcpNo=20210309000744
00126380,삼성전자,005930,Y,분기보고서 (2021.03),20210517001185,삼성전자,20210517,,https://dart.fss.or.kr/dsaf001/main.do?rcpNo=20210517001185
00126380,삼성전자,005930,Y,반기보고서 (2021.06),20210817001416,삼성전자,20210817,,https://dart.fss.or.kr/dsaf001/main.do?rcpNo=20210817001416
00126380,삼성전자,005930,Y,분기보고서 (2021.09),20211115001965,삼성전자,20211115,,https://dart.fss.or.kr/dsaf001/main.do?rcpNo=20211115001965
00126380,삼성전자,005930,Y,사업보고서 (2021.12),20220308000798,삼성전자,20220308,연,https://dart.fss.or.kr/dsaf001/main.do?rcpNo=20220308000798
00126380,삼성전자,005930,Y,분기보고서 (2022.03),20220516001751,삼성전자,20220516,,https://dart.fss.or.kr/dsaf001/main.do?rcpNo=20220516001751
00126380,삼성전자,005930,Y,반기보고서 (2022.06),20220816001711,삼성전자,20220816,,https://dart.fss.or.kr/dsaf001/main.do?rcpNo=20220816001711
00126380,삼성전자,005930,Y,분기보고서 (2022.09),20221114001832,삼성전자,20221114,,https://dart.fss.or.kr/dsaf001/main.do?rcpNo=20221114001832
00126380,삼성전자,005930,Y,사업보고서 (2022.12),20230307000542,삼성전자,20230307,연,https://dart.fss.or.kr/dsaf001/main.do?rcpNo=20230307000542
00126380,삼성전자,005930,Y,분기보고서 (2023.03),20230515002335,삼성전자,20230515,,https://dart.fss.or.kr/dsaf001/main.do?rcpNo=20230515002335
00126380,삼성전자,005930,Y,반기보고서 (2023.06),20230814002534,삼성전자,20230814,,https://dart.fss.or.kr/dsaf001/main.do?rcpNo=20230814002534
00126380,삼성전자,005930,Y,분기보고서 (2023.09),20231114002109,삼성전자,20231114,,https://dart.fss.or.kr/dsaf001/main.do?rcpNo=20231114002109
00126380,삼성전자,005930,Y,사업보고서 (2023.12),20240312000736,삼성전자,20240312,연,https://dart.fss.or.kr/dsaf001/main.do?rcpNo=20240312000736
00126380,삼성전자,005930,Y,분기보고서 (2024.03),20240516001421,삼성전자,20240516,,https://dart.fss.or.kr/dsaf001/main.do?rcpNo=20240516001421
00126380,삼성전자,005930,Y,반기보고서 (2024.06),20240814003284,삼성전자,20240814,,https://dart.fss.or.kr/dsaf001/main.do?rcpNo=20240814003284
00126380,삼성전자,005930,Y,분기보고서 (2024.09),20241114002642,삼성전자,20241114,,https://dart.fss.or.kr/dsaf001/main.do?rcpNo=20241114002642
00126380,삼성전자,005930,Y,사업보고서 (2024.12),20250311001085,삼성전자,20250311,연,https://dart.fss.or.kr/dsaf001/main.do?rcpNo=20250311001085
00126380,삼성전자,005930,Y,분기보고서 (2025.03),20250515001922,삼성전자,20250515,,https://dart.fss.or.kr/dsaf001/main.do?rcpNo=20250515001922
00126380,삼성전자,005930,Y,반기보고서 (2025.06),20250814003156,삼성전자,20250814,,https://dart.fss.or.kr/dsaf001/main.do?rcpNo=20250814003156
00126380,삼성전자,005930,Y,분기보고서 (2025.09),20251114002447,삼성전자,20251114,,https://dart.fss.or.kr/dsaf001/main.do?rcpNo=20251114002447
00126380,삼성전자,005930,Y,사업보고서 (2025.12),20260310002820,삼성전자,20260310,연,https://dart.fss.or.kr/dsaf001/main.do?rcpNo=20260310002820
00126380,삼성전자,005930,Y,분기보고서 (2026.03),20260515002181,삼성전자,20260515,,https://dart.fss.or.kr/dsaf001/main.do?rcpNo=20260515002181
00126380,삼성전자,005930,Y,반기보고서 (2026.06),20260814003699,삼성전자,20260814,,https://dart.fss.or.kr/dsaf001/main.do?rcpNo=20260814003699
